[{"model": "foodapp.allergen", "pk": 1, "fields": {"name": "lactose"}}, {"model": "foodapp.allergen", "pk": 2, "fields": {"name": "gluten"}}, {"model": "foodapp.allergen", "pk": 3, "fields": {"name": "egg"}}, {"model": "foodapp.allergen", "pk": 4, "fields": {"name": "nuts"}}, {"model": "foodapp.ingredient", "pk": 1, "fields": {"name": "Egg"}}, {"model": "foodapp.ingredient", "pk": 2, "fields": {"name": "oatmeal"}}, {"model": "foodapp.ingredient", "pk": 3, "fields": {"name": "milk"}}, {"model": "foodapp.ingredient", "pk": 4, "fields": {"name": "yoghurt"}}, {"model": "foodapp.ingredient", "pk": 6, "fields": {"name": "sugar"}}, {"model": "foodapp.ingredient", "pk": 7, "fields": {"name": "dry yeast"}}, {"model": "foodapp.ingredient", "pk": 8, "fields": {"name": "flour"}}, {"model": "foodapp.ingredient", "pk": 9, "fields": {"name": "salt"}}, {"model": "foodapp.ingredient", "pk": 10, "fields": {"name": "olive oil"}}, {"model": "foodapp.ingredient", "pk": 11, "fields": {"name": "mozzarella cheese"}}, {"model": "foodapp.ingredient", "pk": 12, "fields": {"name": "water"}}, {"model": "foodapp.ingredient", "pk": 13, "fields": {"name": "cheese"}}, {"model": "foodapp.ingredient", "pk": 14, "fields": {"name": "salmon"}}, {"model": "foodapp.ingredientallergen", "pk": 3, "fields": {"allergen": 3, "ingredient": 1, "percent": 100}}, {"model": "foodapp.ingredientallergen", "pk": 4, "fields": {"allergen": 1, "ingredient": 3, "percent": 3}}, {"model": "foodapp.ingredientallergen", "pk": 5, "fields": {"allergen": 1, "ingredient": 4, "percent": 2}}, {"model": "foodapp.ingredientallergen", "pk": 6, "fields": {"allergen": 2, "ingredient": 8, "percent": 4}}, {"model": "foodapp.ingredientallergen", "pk": 7, "fields": {"allergen": 1, "ingredient": 11, "percent": 4}}, {"model": "foodapp.ingredientallergen", "pk": 8, "fields": {"allergen": 1, "ingredient": 13, "percent": 4}}, {"model": "foodapp.recipe", "pk": 1, "fields": {"name": "Egg"}}, {"model": "foodapp.recipe", "pk": 3, "fields": {"name": "Bread"}}, {"model": "foodapp.recipe", "pk": 4, "fields": {"name": "pizza"}}, {"model": "foodapp.recipe", "pk": 6, "fields": {"name": "cheese"}}, {"model": "foodapp.recipe", "pk": 7, "fields": {"name": "oatmeal"}}, {"model": "foodapp.recipe", "pk": 8, "fields": {"name": "milk"}}, {"model": "foodapp.recipe", "pk": 9, "fields": {"name": "yoghurt"}}, {"model": "foodapp.recipe", "pk": 10, "fields": {"name": "salmon"}}, {"model": "foodapp.recipeingredient", "pk": 13, "fields": {"ingredient": 1, "recipe": 4, "percent": 50}}, {"model": "foodapp.recipeingredient", "pk": 17, "fields": {"ingredient": 8, "recipe": 3, "percent": 50}}, {"model": "foodapp.recipeingredient", "pk": 18, "fields": {"ingredient": 12, "recipe": 3, "percent": 10}}, {"model": "foodapp.recipeingredient", "pk": 19, "fields": {"ingredient": 9, "recipe": 3, "percent": 2}}, {"model": "foodapp.recipeingredient", "pk": 20, "fields": {"ingredient": 10, "recipe": 3, "percent": 5}}, {"model": "foodapp.recipeingredient", "pk": 21, "fields": {"ingredient": 1, "recipe": 1, "percent": 100}}, {"model": "foodapp.recipeingredient", "pk": 22, "fields": {"ingredient": 13, "recipe": 6, "percent": 100}}, {"model": "foodapp.recipeingredient", "pk": 23, "fields": {"ingredient": 2, "recipe": 7, "percent": 100}}, {"model": "foodapp.recipeingredient", "pk": 24, "fields": {"ingredient": 3, "recipe": 8, "percent": 100}}, {"model": "foodapp.recipeingredient", "pk": 25, "fields": {"ingredient": 14, "recipe": 10, "percent": 100}}, {"model": "auth.user", "pk": 1, "fields": {"password": "pbkdf2_sha256$600000$QBxoqGhGBtcnr4ZOdIVk28$X1BGcbKHySNXcaxGhh9eCQGAzwzK/c7UWqzNm5sTf64=", "last_login": "2023-05-08T15:45:57Z", "is_superuser": false, "username": "testuser", "first_name": "", "last_name": "", "email": "", "is_staff": false, "is_active": true, "date_joined": "2023-04-19T13:51:09Z", "groups": [], "user_permissions": []}}, {"model": "auth.user", "pk": 2, "fields": {"password": "pbkdf2_sha256$600000$s5NKQtN234aZR76BLxrLYl$hgmPstrIaCUZcKe7rET2t47WjHqHEEIZ/GC+XvqA78o=", "last_login": "2023-05-11T19:48:41.930Z", "is_superuser": true, "username": "grande", "first_name": "", "last_name": "", "email": "konrad.grande@gmail.com", "is_staff": true, "is_active": true, "date_joined": "2023-04-20T17:28:15.772Z", "groups": [], "user_permissions": []}}, {"model": "sessions.session", "pk": "09me4uap3a3u4av86uxlp8jc272oj3kc", "fields": {"session_data": ".eJxVjMsOwiAQRf-FtSHyGAou3fcbyMBMpWogKe3K-O_apAvd3nPOfYmI21ri1nmJM4mLUOL0uyXMD647oDvWW5O51XWZk9wVedAux0b8vB7u30HBXr71ORm2oJ0lTt5otIAqW1IeB5v05JwZkg7ZZvCTC6g9B-KgOLMDcEDi_QHcKzfh:1ppYJV:_esOeOJtFs62Y5wjDAJ4uEtqNbngtDate-MunygZv7k", "expire_date": "2023-05-04T17:43:21.554Z"}}, {"model": "sessions.session", "pk": "x10rsqd261uux21a68cifmxnrvs8348w", "fields": {"session_data": ".eJxVjMsOwiAQRf-FtSGURwGX7v0GMsMMUjUlKe3K-O_apAvd3nPOfYkE21rT1nlJE4mz0OL0uyHkB887oDvMtyZzm9dlQrkr8qBdXhvx83K4fwcVev3WkTC6gN4Dm5BDsegoatbWqcJMgy9MGhGiMkUVGEblsw1hMGh19qMR7w8Atjg-:1pxCHJ:8waQx5WFjOUrV9zOfIeIQ1eDMjOZkQbisGmppKVAsm0", "expire_date": "2023-05-25T19:48:41.938Z"}}, {"model": "admin.logentry", "pk": 1, "fields": {"action_time": "2023-05-04T18:28:24.533Z", "user": ["grande"], "content_type": ["foodapp", "allergen"], "object_id": "1", "object_repr": "lactose", "action_flag": 1, "change_message": "[{\"added\": {}}]"}}, {"model": "admin.logentry", "pk": 2, "fields": {"action_time": "2023-05-04T18:28:29.146Z", "user": ["grande"], "content_type": ["foodapp", "allergen"], "object_id": "2", "object_repr": "gluten", "action_flag": 1, "change_message": "[{\"added\": {}}]"}}, {"model": "admin.logentry", "pk": 3, "fields": {"action_time": "2023-05-04T18:28:33.385Z", "user": ["grande"], "content_type": ["foodapp", "allergen"], "object_id": "3", "object_repr": "egg", "action_flag": 1, "change_message": "[{\"added\": {}}]"}}, {"model": "admin.logentry", "pk": 4, "fields": {"action_time": "2023-05-04T18:28:37.579Z", "user": ["grande"], "content_type": ["foodapp", "allergen"], "object_id": "4", "object_repr": "nuts", "action_flag": 1, "change_message": "[{\"added\": {}}]"}}, {"model": "admin.logentry", "pk": 5, "fields": {"action_time": "2023-05-11T20:04:32.432Z", "user": ["grande"], "content_type": ["auth", "user"], "object_id": "1", "object_repr": "testuser", "action_flag": 2, "change_message": "[{\"changed\": {\"fields\": [\"Username\"]}}]"}}, {"model": "foodapp.reaction", "pk": 1, "fields": {"user": ["testuser"], "date": "2023-04-24", "reaction": 1, "diary": "Very bad abdominal pain."}}, {"model": "foodapp.reaction", "pk": 2, "fields": {"user": ["testuser"], "date": "2023-04-25", "reaction": 1, "diary": "Pain in my stomach"}}, {"model": "foodapp.reaction", "pk": 3, "fields": {"user": ["testuser"], "date": "2023-04-26", "reaction": 0, "diary": "I feel great."}}, {"model": "foodapp.reaction", "pk": 4, "fields": {"user": ["testuser"], "date": "2023-04-23", "reaction": 1, "diary": "I felt bloated today"}}, {"model": "foodapp.reaction", "pk": 5, "fields": {"user": ["grande"], "date": "2023-04-20", "reaction": 1, "diary": "feel bad tody."}}, {"model": "foodapp.reaction", "pk": 6, "fields": {"user": ["testuser"], "date": "2023-04-28", "reaction": 1, "diary": "Abdominal pain"}}, {"model": "foodapp.reaction", "pk": 7, "fields": {"user": ["testuser"], "date": "2023-04-27", "reaction": 1, "diary": "I feel bloated."}}, {"model": "foodapp.meal", "pk": 4, "fields": {"user": ["grande"], "food": 1, "amount": 1, "date": "2023-04-20"}}, {"model": "foodapp.meal", "pk": 5, "fields": {"user": ["grande"], "food": 3, "amount": 21, "date": "2023-04-20"}}, {"model": "foodapp.meal", "pk": 11, "fields": {"user": ["testuser"], "food": 3, "amount": 300, "date": "2023-04-28"}}, {"model": "foodapp.meal", "pk": 12, "fields": {"user": ["testuser"], "food": 6, "amount": 70, "date": "2023-04-28"}}, {"model": "foodapp.meal", "pk": 14, "fields": {"user": ["testuser"], "food": 8, "amount": 500, "date": "2023-04-28"}}, {"model": "foodapp.meal", "pk": 15, "fields": {"user": ["testuser"], "food": 7, "amount": 200, "date": "2023-04-28"}}, {"model": "foodapp.meal", "pk": 16, "fields": {"user": ["testuser"], "food": 4, "amount": 800, "date": "2023-04-27"}}, {"model": "foodapp.meal", "pk": 18, "fields": {"user": ["testuser"], "food": 3, "amount": 200, "date": "2023-04-27"}}, {"model": "foodapp.meal", "pk": 19, "fields": {"user": ["testuser"], "food": 8, "amount": 500, "date": "2023-04-27"}}, {"model": "foodapp.meal", "pk": 20, "fields": {"user": ["testuser"], "food": 1, "amount": 400, "date": "2023-04-26"}}, {"model": "foodapp.meal", "pk": 22, "fields": {"user": ["testuser"], "food": 3, "amount": 300, "date": "2023-04-26"}}, {"model": "foodapp.meal", "pk": 23, "fields": {"user": ["testuser"], "food": 10, "amount": 400, "date": "2023-04-25"}}, {"model": "foodapp.meal", "pk": 25, "fields": {"user": ["testuser"], "food": 3, "amount": 300, "date": "2023-04-25"}}, {"model": "foodapp.meal", "pk": 26, "fields": {"user": ["testuser"], "food": 9, "amount": 200, "date": "2023-04-24"}}, {"model": "foodapp.meal", "pk": 28, "fields": {"user": ["testuser"], "food": 6, "amount": 50, "date": "2023-04-24"}}, {"model": "foodapp.meal", "pk": 29, "fields": {"user": ["testuser"], "food": 3, "amount": 300, "date": "2023-04-24"}}, {"model": "foodapp.meal", "pk": 30, "fields": {"user": ["testuser"], "food": 7, "amount": 400, "date": "2023-04-23"}}, {"model": "foodapp.meal", "pk": 31, "fields": {"user": ["testuser"], "food": 8, "amount": 1000, "date": "2023-04-23"}}, {"model": "foodapp.meal", "pk": 32, "fields": {"user": ["testuser"], "food": 1, "amount": 200, "date": "2023-04-24"}}, {"model": "foodapp.meal", "pk": 33, "fields": {"user": ["testuser"], "food": 1, "amount": 400, "date": "2023-04-23"}}, {"model": "foodapp.meal", "pk": 34, "fields": {"user": ["testuser"], "food": 9, "amount": 300, "date": "2023-04-22"}}, {"model": "foodapp.meal", "pk": 35, "fields": {"user": ["testuser"], "food": 3, "amount": 300, "date": "2023-04-23"}}, {"model": "foodapp.meal", "pk": 36, "fields": {"user": ["testuser"], "food": 3, "amount": 300, "date": "2023-04-22"}}, {"model": "foodapp.meal", "pk": 37, "fields": {"user": ["testuser"], "food": 6, "amount": 100, "date": "2023-04-22"}}]